 ±º‰,B¬Î ±≤Ó£®ƒ…√Î£©
20240429130543 ,9223383.689
20240429130544 ,9223384.071
20240429130545 ,9223385.192
20240429130546 ,9223365.948
20240429130547 ,9223366.273
20240429130548 ,9223367.415
20240429130549 ,9223367.798
20240429130550 ,9223368.772
20240429130551 ,9223350.236
20240429130552 ,9223350.315
20240429130553 ,9223350.513
20240429130554 ,9223351.877
20240429130555 ,9223349.509
20240429130556 ,9223322.974
20240429130557 ,9223323.739
20240429130558 ,9223324.311
20240429130559 ,9223325.288
20240429130600 ,9223325.106
20240429130601 ,9223306.757
20240429130602 ,9223306.738
20240429130603 ,9223307.587
20240429130604 ,9223309.245
20240429130605 ,9223309.557
20240429130606 ,9223280.303
20240429130607 ,9223280.914
20240429130608 ,9223281.405
20240429130609 ,9223282.191
20240429130610 ,9223283.111
20240429130611 ,9223264.06
20240429130612 ,9223264.182
20240429130613 ,9223264.979
20240429130614 ,9223265.557
20240429130615 ,9223266.444
20240429130616 ,9223236.768
20240429130617 ,9223238.059
20240429130618 ,9223239.027
20240429130619 ,9223239.201
20240429130620 ,9223239.651
20240429130621 ,9223220.201
20240429130622 ,9223221.46
20240429130623 ,9223222.342
20240429130624 ,9223222.925
20240429130625 ,9223223.169
20240429130626 ,9223194.366
20240429130627 ,9223195.02
20240429130628 ,9223195.622
20240429130629 ,9223194.645
20240429130630 ,9223197.656
20240429130631 ,9223178.155
20240429130632 ,9223178.988
20240429130633 ,9223180.108
20240429130634 ,9223181.302
20240429130635 ,9223181.136
20240429130636 ,9223152.406
20240429130637 ,9223152.686
20240429130638 ,9223153.673
20240429130639 ,9223154.365
20240429130640 ,9223155.127
20240429130641 ,9223136.062
20240429130642 ,9223135.156
20240429130643 ,9223137.316
20240429130644 ,9223137.953
20240429130645 ,9222918.896
20240429130646 ,9222709.342
20240429130647 ,9222511.803
20240429130648 ,9222310.685
20240429130649 ,9222101.511
20240429130650 ,9221902.767
20240429130651 ,9221693.362
20240429130652 ,9221493.533
20240429130653 ,9221283.784
20240429130654 ,9221084.812
20240429130655 ,9220875.746
20240429130656 ,9220676.031
20240429130657 ,9220466.941
20240429130658 ,9220267.925
20240429130659 ,9220058.027
20240429130700 ,9219859.573
20240429130701 ,9219650.42
20240429130702 ,9219450.543
20240429130703 ,9219241.317
20240429130704 ,9219042.784
20240429130705 ,9218842.424
20240429130706 ,9218633.564
20240429130707 ,9218432.08
20240429130708 ,9218224.875
20240429130709 ,9218025.906
20240429130710 ,9217816.17
20240429130711 ,9217616.626
20240429130712 ,9217406.925
20240429130713 ,9217207.913
20240429130714 ,9216998.573
20240429130715 ,9216799.219
20240429130716 ,9216590.419
20240429130717 ,9216390.687
20240429130718 ,9216181.293
20240429130719 ,9215982.454
20240429130720 ,9215772.748
20240429130721 ,9215573.18
20240429130722 ,9215363.753
20240429130723 ,9215164.901
20240429130724 ,9214965.164
20240429130725 ,9214756.464
20240429130726 ,9214556.559
20240429130727 ,9214347.83
20240429130728 ,9214148.069
20240429130729 ,9213938.897
20240429130730 ,9213739.282
20240429130731 ,9213530.143
20240429130732 ,9213330.865
20240429130733 ,9213121.251
20240429130734 ,9212922.214
20240429130735 ,9212712.815
20240429130736 ,9212513.474
20240429130737 ,9212303.649
20240429130738 ,9212105.238
20240429130739 ,9211896.438
20240429130740 ,9211696.229
20240429130741 ,9211496.677
20240429130742 ,9211286.391
20240429130743 ,9211089.57
20240429130744 ,9210878.689
20240429130745 ,9210680.227
20240429130746 ,9210469.195
20240429130747 ,9210270.549
20240429130748 ,9210062.107
20240429130749 ,9209862.218
20240429130750 ,9209653.396
20240429130751 ,9209453.977
20240429130752 ,9209244.542
20240429130753 ,9209045.394
20240429130754 ,9208836.792
20240429130755 ,9208635.189
20240429130756 ,9208427.151
20240429130757 ,9208227.989
20240429130758 ,9208028.429
20240429130759 ,9207819.293
20240429130800 ,9207620.047
20240429130801 ,9207410.097
20240429130802 ,9207210.826
20240429130803 ,9207002.208
20240429130804 ,9206802.509
20240429130805 ,9206592.722
20240429130806 ,9206393.902
20240429130807 ,9206184.212
20240429130808 ,9205985.3
20240429130809 ,9205775.833
20240429130810 ,9205576.56
20240429130811 ,9205367.06
20240429130812 ,9205166.404
20240429130813 ,9204958.637
20240429130814 ,9204758.765
20240429130815 ,9204550.119
20240429130816 ,9204350.67
20240429130817 ,9204151.37
20240429130818 ,9203942.057
20240429130819 ,9203745.174
20240429130820 ,9203533.99
20240429130821 ,9203333.781
20240429130822 ,9203125.03
20240429130823 ,9202931.269
20240429130824 ,9202716.509
20240429130825 ,9202516.743
20240429130826 ,9202307.273
20240429130827 ,9202107.799
20240429130828 ,9201898.511
20240429130829 ,9201699.864
20240429130830 ,9201490.386
20240429130831 ,9201290.541
20240429130832 ,9201081.578
20240429130833 ,9200882.213
20240429130834 ,9200682.707
20240429130835 ,9200473.551
20240429130836 ,9200274.251
20240429130837 ,9200064.326
20240429130838 ,9199865.715
20240429130839 ,9199656.746
20240429130840 ,9199456.828
20240429130841 ,9199247.135
20240429130842 ,9199047.93
20240429130843 ,9198838.349
20240429130844 ,9198639.285
20240429130845 ,9198430.249
20240429130846 ,9198230.634
20240429130847 ,9198021.324
20240429130848 ,9197825.35
20240429130849 ,9197610.994
20240429130850 ,9197412.948
20240429130851 ,9197214.166
20240429130852 ,9197005.943
20240429130853 ,9196804.842
20240429130854 ,9196595.926
20240429130855 ,9196396.688
20240429130856 ,9196187.231
20240429130857 ,9195987.777
20240429130858 ,9195778.339
20240429130859 ,9195579.357
20240429130900 ,9195369.794
20240429130901 ,9195170.445
20240429130902 ,9194962.877
20240429130903 ,9194762.484
20240429130904 ,9194552.686
20240429130905 ,9194353.459
20240429130906 ,9194143.951
20240429130907 ,9193944.569
20240429130908 ,9193735.688
20240429130909 ,9193535.829
20240429130910 ,9193333.48
20240429130911 ,9193125.646
20240429130912 ,9192930.778
20240429130913 ,9192718.473
20240429130914 ,9192519.276
20240429130915 ,9192310.004
20240429130916 ,9192110.986
20240429130917 ,9191901.617
20240429130918 ,9191702.056
20240429130919 ,9191493.064
20240429130920 ,9191292.437
20240429130921 ,9191083.702
20240429130922 ,9190884.142
20240429130923 ,9190675.117
20240429130924 ,9190476.43
20240429130925 ,9190267.516
20240429130926 ,9190068.289
20240429130927 ,9189868.652
20240429130928 ,9189658.957
20240429130929 ,9189459.934
20240429130930 ,9189250.749
20240429130931 ,9189051.552
20240429130932 ,9188842.499
20240429130933 ,9188643.102
20240429130934 ,9188433.39
20240429130935 ,9188234.521
20240429130936 ,9188025.456
20240429130937 ,9187825.776
20240429130938 ,9187616.876
20240429130939 ,9187417.253
20240429130940 ,9187209.549
20240429130941 ,9187011.844
20240429130942 ,9186799.536
20240429130943 ,9186601.283
20240429130944 ,9186401.126
20240429130945 ,9186192.939
20240429130946 ,9185994.786
20240429130947 ,9185786.03
20240429130948 ,9185588.452
20240429130949 ,9185381.527
20240429130950 ,9185184.112
20240429130951 ,9184976.109
20240429130952 ,9184778.795
20240429130953 ,9184570.69
20240429130954 ,9184371.899
20240429130955 ,9184163.455
20240429130956 ,9183964.724
20240429130957 ,9183756.651
20240429130958 ,9183559.359
20240429130959 ,9183346.438
20240429131000 ,9183148.66
20240429131001 ,9182940.177
20240429131002 ,9182741.216
20240429131003 ,9182542.158
20240429131004 ,9182335.642
20240429131005 ,9182137.12
20240429131006 ,9181924.797
20240429131007 ,9181726.907
20240429131008 ,9181520.242
20240429131009 ,9181318.387
20240429131010 ,9181110.547
20240429131011 ,9180914.624
20240429131012 ,9180708.244
20240429131013 ,9180505.659
20240429131014 ,9180295.302
20240429131015 ,9180095.334
20240429131016 ,9179888.249
20240429131017 ,9179689.914
20240429131018 ,9179480.783
20240429131019 ,9179282.224
20240429131020 ,9179083.078
20240429131021 ,9178874.634
20240429131022 ,9178675.632
20240429131023 ,9178466.77
20240429131024 ,9178268.33
20240429131025 ,9178059.527
20240429131026 ,9177860.826
20240429131027 ,9177652.998
20240429131028 ,9177454.373
20240429131029 ,9177245.101
20240429131030 ,9177046.194
20240429131031 ,9176837.318
20240429131032 ,9176638.373
20240429131033 ,9176428.868
20240429131034 ,9176230.341
20240429131035 ,9176021.251
20240429131036 ,9175821.916
20240429131037 ,9175623.622
20240429131038 ,9175414.098
20240429131039 ,9175215.419
20240429131040 ,9175006.179
20240429131041 ,9174807.853
20240429131042 ,9174599.712
20240429131043 ,9174399.251
20240429131044 ,9174190.535
20240429131045 ,9173989.966
20240429131046 ,9173784.47
20240429131047 ,9173583.217
20240429131048 ,9173374.308
20240429131049 ,9173174.992
20240429131050 ,9172965.845
20240429131051 ,9172766.819
20240429131052 ,9172557.604
20240429131053 ,9172358.721
20240429131054 ,9172159.492
20240429131055 ,9171949.441
20240429131056 ,9171751.272
20240429131057 ,9171544.732
20240429131058 ,9171343.655
20240429131059 ,9171133.423
20240429131100 ,9170935.243
20240429131101 ,9170727.195
20240429131102 ,9170528.448
20240429131103 ,9170318.774
20240429131104 ,9170120.334
20240429131105 ,9169909.38
20240429131106 ,9169710.975
20240429131107 ,9169501.72
20240429131108 ,9169302.325
20240429131109 ,9169093.956
20240429131110 ,9168894.645
20240429131111 ,9168686.369
20240429131112 ,9168486.312
20240429131113 ,9168288.58
20240429131114 ,9168079.259
20240429131115 ,9167880.103
20240429131116 ,9167671.159
20240429131117 ,9167474.52
20240429131118 ,9167263.588
20240429131119 ,9167064.38
20240429131120 ,9166854.967
20240429131121 ,9166656.009
20240429131122 ,9166447.081
20240429131123 ,9166248.554
20240429131124 ,9166039.223
20240429131125 ,9165840.158
20240429131126 ,9165630.808
20240429131127 ,9165431.369
20240429131128 ,9165222.496
20240429131129 ,9165023.497
20240429131130 ,9164824.251
20240429131131 ,9164612.785
20240429131132 ,9164415.934
20240429131133 ,9164209.654
20240429131134 ,9164007.511
20240429131135 ,9163796.897
20240429131136 ,9163599.308
20240429131137 ,9163390.145
20240429131138 ,9163190.625
20240429131139 ,9162982.414
20240429131140 ,9162782.416
20240429131141 ,9162573.969
20240429131142 ,9162378.459
20240429131143 ,9162165.78
20240429131144 ,9161966.697
20240429131145 ,9161757.262
20240429131146 ,9161558.097
20240429131147 ,9161359.193
20240429131148 ,9161150.09
20240429131149 ,9160951.326
20240429131150 ,9160742.131
20240429131151 ,9160542.651
20240429131152 ,9160333.219
20240429131153 ,9160134.06
20240429131154 ,9159924.807
20240429131155 ,9159726.104
20240429131156 ,9159516.981
20240429131157 ,9159317.963
20240429131158 ,9159118.273
20240429131159 ,9158909.644
20240429131200 ,9158710.24
20240429131201 ,9158501.278
20240429131202 ,9158302.574
20240429131203 ,9158093.411
20240429131204 ,9157893.918
20240429131205 ,9157683.987
20240429131206 ,9157484.041
20240429131207 ,9157274.067
20240429131208 ,9157074.75
20240429131209 ,9156875.005
20240429131210 ,9156665.169
20240429131211 ,9156464.743
20240429131212 ,9156255.056
20240429131213 ,9156054.454
20240429131214 ,9155844.667
20240429131215 ,9155645.722
20240429131216 ,9155435.631
20240429131217 ,9155235.919
20240429131218 ,9155037.004
20240429131219 ,9154827.875
20240429131220 ,9154628.556
20240429131221 ,9154419.702
20240429131222 ,9154219.046
20240429131223 ,9154011.708
20240429131224 ,9153813.091
20240429131225 ,9153603.092
20240429131226 ,9153408.526
20240429131227 ,9153197.135
20240429131228 ,9152998.153
20240429131229 ,9152798.549
20240429131230 ,9152589.735
20240429131231 ,9152390.704
20240429131232 ,9152182.11
20240429131233 ,9151982.601
20240429131234 ,9151773.15
20240429131235 ,9151574.357
20240429131236 ,9151364.925
20240429131237 ,9151168.62
20240429131238 ,9150956.179
20240429131239 ,9150756.57
20240429131240 ,9150558.35
20240429131241 ,9150349.053
20240429131242 ,9150150.098
20240429131243 ,9149940.91
20240429131244 ,9149743.045
20240429131245 ,9149532.107
20240429131246 ,9149332.579
20240429131247 ,9149123.117
20240429131248 ,9148924.322
20240429131249 ,9148724.384
20240429131250 ,9148515.91
20240429131251 ,9148316.474
20240429131252 ,9148107.058
20240429131253 ,9147907.479
20240429131254 ,9147698.893
20240429131255 ,9147499.368
20240429131256 ,9147290.137
20240429131257 ,9147090.522
20240429131258 ,9146882.525
20240429131259 ,9146681.35
20240429131300 ,9146482.094
20240429131301 ,9146271.479
20240429131302 ,9146073.022
20240429131303 ,9145864.366
20240429131304 ,9145668.424
20240429131305 ,9145458.263
20240429131306 ,9145256.736
20240429131307 ,9145047.068
20240429131308 ,9144847.865
20240429131309 ,9144648.546
20240429131310 ,9144438.957
20240429131311 ,9144239.331
20240429131312 ,9144030.151
20240429131313 ,9143832.118
20240429131314 ,9143621.718
20240429131315 ,9143422.776
20240429131316 ,9143212.614
20240429131317 ,9143016.143
20240429131318 ,9142802.859
20240429131319 ,9142605.04
20240429131320 ,9142404.517
20240429131321 ,9142195.603
20240429131322 ,9141996.883
20240429131323 ,9141787.118
20240429131324 ,9141588.528
20240429131325 ,9141378.958
20240429131326 ,9141179.405
20240429131327 ,9140969.786
20240429131328 ,9140770.898
20240429131329 ,9140561.141
20240429131330 ,9140362.416
20240429131331 ,9140162.438
20240429131332 ,9139953.657
20240429131333 ,9139754.004
20240429131334 ,9139544.971
20240429131335 ,9139345.494
20240429131336 ,9139136.073
20240429131337 ,9138936.206
20240429131338 ,9138727.344
20240429131339 ,9138528.052
20240429131340 ,9138328.952
20240429131341 ,9138119.569
20240429131342 ,9137920.321
20240429131343 ,9137710.973
20240429131344 ,9137511.572
20240429131345 ,9137302.146
20240429131346 ,9137103.296
20240429131347 ,9136893.766
20240429131348 ,9136694.067
20240429131349 ,9136484.953
20240429131350 ,9136285.533
20240429131351 ,9136085.628
20240429131352 ,9135875.665
20240429131353 ,9135676.752
20240429131354 ,9135466.162
20240429131355 ,9135268.647
20240429131356 ,9135058.415
20240429131357 ,9134858.74
20240429131358 ,9134649.417
20240429131359 ,9134449.552
20240429131400 ,9134240.05
20240429131401 ,9134040.573
20240429131402 ,9133842.961
20240429131403 ,9133632.256
20240429131404 ,9133432.267
20240429131405 ,9133223.467
20240429131406 ,9133023.223
20240429131407 ,9132814.374
20240429131408 ,9132614.754
20240429131409 ,9132405.165
20240429131410 ,9132205.528
20240429131411 ,9132006.123
20240429131412 ,9131796.984
20240429131413 ,9131597.545
20240429131414 ,9131388.178
20240429131415 ,9131188.59
20240429131416 ,9130978.578
20240429131417 ,9130779.774
20240429131418 ,9130570.869
20240429131419 ,9130370.643
20240429131420 ,9130164.372
20240429131421 ,9129962.185
20240429131422 ,9129762.391
20240429131423 ,9129552.737
20240429131424 ,9129356.011
20240429131425 ,9129143.446
20240429131426 ,9128944.651
20240429131427 ,9128735.175
20240429131428 ,9128537.416
20240429131429 ,9128325.838
20240429131430 ,9128126.706
20240429131431 ,9127917.144
20240429131432 ,9127716.954
20240429131433 ,9127518.197
20240429131434 ,9127308.358
20240429131435 ,9127108.892
20240429131436 ,9126899.455
20240429131437 ,9126700.095
20240429131438 ,9126493.045
20240429131439 ,9126291.276
20240429131440 ,9126081.866
20240429131441 ,9125882.153
20240429131442 ,9125682.807
20240429131443 ,9125473.302
20240429131444 ,9125273.535
20240429131445 ,9125063.751
20240429131446 ,9124865.91
20240429131447 ,9124655.141
20240429131448 ,9124456.361
20240429131449 ,9124245.052
20240429131450 ,9124046.438
20240429131451 ,9123837.069
20240429131452 ,9123638.444
20240429131453 ,9123438.002
20240429131454 ,9123228.234
20240429131455 ,9123029.02
20240429131456 ,9122819.23
20240429131457 ,9122619.941
20240429131458 ,9122410.292
20240429131459 ,9122210.661
20240429131500 ,9122001.234
20240429131501 ,9121801.34
20240429131502 ,9121591.097
20240429131503 ,9121393.652
20240429131504 ,9121195.275
20240429131505 ,9120983.428
20240429131506 ,9120784.321
20240429131507 ,9120574.224
20240429131508 ,9120376.001
20240429131509 ,9120166.021
20240429131510 ,9119965.5
20240429131511 ,9119755.018
20240429131512 ,9119557.197
20240429131513 ,9119357.444
20240429131514 ,9119148.226
20240429131515 ,9118948.676
20240429131516 ,9118738.897
20240429131517 ,9118539.19
20240429131518 ,9118330.222
20240429131519 ,9118130.352
20240429131520 ,9117920.955
20240429131521 ,9117722.179
20240429131522 ,9117512.584
20240429131523 ,9117312.131
20240429131524 ,9117112.958
20240429131525 ,9116902.363
20240429131526 ,9116703.92
20240429131527 ,9116498.633
20240429131528 ,9116293.438
20240429131529 ,9116085.061
20240429131530 ,9115886.016
20240429131531 ,9115675.987
20240429131532 ,9115476.356
20240429131533 ,9115266.751
20240429131534 ,9115067.448
20240429131535 ,9114867.641
20240429131536 ,9114658.653
20240429131537 ,9114459.492
20240429131538 ,9114250.06
20240429131539 ,9114050.388
20240429131540 ,9113840.75
20240429131541 ,9113639.545
20240429131542 ,9113430.127
20240429131543 ,9113232.737
20240429131544 ,9113032.384
20240429131545 ,9112823.834
20240429131546 ,9112623.231
20240429131547 ,9112411.708
20240429131548 ,9112214.516
20240429131549 ,9112005.143
20240429131550 ,9111805.488
20240429131551 ,9111596.444
20240429131552 ,9111397.019
20240429131553 ,9111187.674
20240429131554 ,9110988.249
20240429131555 ,9110789.1
20240429131556 ,9110579.527
20240429131557 ,9110380.824
20240429131558 ,9110171.262
20240429131559 ,9109971.666
20240429131600 ,9109763.36
20240429131601 ,9109563.433
20240429131602 ,9109354.321
20240429131603 ,9109154.848
20240429131604 ,9108944.16
20240429131605 ,9108745.285
20240429131606 ,9108545.619
20240429131607 ,9108335.495
20240429131608 ,9108135.764
20240429131609 ,9107924.924
20240429131610 ,9107726.354
20240429131611 ,9107517.977
20240429131612 ,9107316.908
20240429131613 ,9107107.172
20240429131614 ,9106909.386
20240429131615 ,9106707.463
20240429131616 ,9106497.868
20240429131617 ,9106298.345
20240429131618 ,9106089.543
20240429131619 ,9105889.437
20240429131620 ,9105679.728
20240429131621 ,9105479.574
20240429131622 ,9105270.261
20240429131623 ,9105070.996
20240429131624 ,9104860.975
20240429131625 ,9104661.209
20240429131626 ,9104462.142
20240429131627 ,9104250.591
20240429131628 ,9104051.836
20240429131629 ,9103840.894
20240429131630 ,9103643.075
20240429131631 ,9103434.077
20240429131632 ,9103233.111
20240429131633 ,9103023.484
20240429131634 ,9102824.512
20240429131635 ,9102613.843
20240429131636 ,9102414.941
20240429131637 ,9102215.335
20240429131638 ,9102005.358
20240429131639 ,9101806.152
20240429131640 ,9101595.809
20240429131641 ,9101396.872
20240429131642 ,9101186.708
20240429131643 ,9100987.074
20240429131644 ,9100776.95
20240429131645 ,9100579.766
20240429131646 ,9100378.499
20240429131647 ,9100168.115
20240429131648 ,9099966.393
20240429131649 ,9099760.173
20240429131650 ,9099559.277
20240429131651 ,9099350.174
20240429131652 ,9099150.068
20240429131653 ,9098941.127
20240429131654 ,9098741.341
20240429131655 ,9098541.474
20240429131656 ,9098331.95
20240429131657 ,9098131.752
20240429131658 ,9097922.317
20240429131659 ,9097722.477
20240429131700 ,9097512.617
20240429131701 ,9097313.026
20240429131702 ,9097114.236
20240429131703 ,9096904.226
20240429131704 ,9096704.411
20240429131705 ,9096494.52
20240429131706 ,9096296.183
20240429131707 ,9096085.349
20240429131708 ,9095887.063
20240429131709 ,9095686.277
20240429131710 ,9095476.242
20240429131711 ,9095277.007
20240429131712 ,9095067.158
20240429131713 ,9094867.079
20240429131714 ,9094657.549
20240429131715 ,9094457.932
20240429131716 ,9094258.632
20240429131717 ,9094048.88
20240429131718 ,9093849.151
20240429131719 ,9093639.931
20240429131720 ,9093439.99
20240429131721 ,9093229.506
20240429131722 ,9093031.548
20240429131723 ,9092831.047
20240429131724 ,9092623.408
20240429131725 ,9092421.984
20240429131726 ,9092212.983
20240429131727 ,9092012.115
20240429131728 ,9091801.088
20240429131729 ,9091603.223
20240429131730 ,9091403.752
20240429131731 ,9091193.764
20240429131732 ,9090994.45
20240429131733 ,9090784.701
20240429131734 ,9090584.858
20240429131735 ,9090375.138
20240429131736 ,9090175.247
20240429131737 ,9089964.803
20240429131738 ,9089766.073
20240429131739 ,9089566.697
20240429131740 ,9089357.004
20240429131741 ,9089157.419
20240429131742 ,9088949.525
20240429131743 ,9088747.748
20240429131744 ,9088538.292
20240429131745 ,9088338.704
20240429131746 ,9088139.114
20240429131747 ,9087929.365
20240429131748 ,9087729.682
20240429131749 ,9087520.489
20240429131750 ,9087320.348
20240429131751 ,9087111.675
20240429131752 ,9086911.165
20240429131753 ,9086711.922
20240429131754 ,9086500.45
20240429131755 ,9086302.154
20240429131756 ,9086092.258
20240429131757 ,9085891.561
20240429131758 ,9085682.845
20240429131759 ,9085482.932
20240429131800 ,9085283.564
20240429131801 ,9085073.679
20240429131802 ,9084874.55
20240429131803 ,9084665.025
20240429131804 ,9084465.62
20240429131805 ,9084255.935
20240429131806 ,9084056.038
20240429131807 ,9083855.813
20240429131808 ,9083645.578
20240429131809 ,9083447.873
20240429131810 ,9083238.232
20240429131811 ,9083038.262
20240429131812 ,9082829.856
20240429131813 ,9082630.143
20240429131814 ,9082419.157
20240429131815 ,9082219.331
20240429131816 ,9082019.241
20240429131817 ,9081810.441
20240429131818 ,9081610.62
20240429131819 ,9081401.115
20240429131820 ,9081201.345
20240429131821 ,9080991.265
20240429131822 ,9080792.065
20240429131823 ,9080592.98
20240429131824 ,9080382.918
20240429131825 ,9080183.279
20240429131826 ,9079973.703
20240429131827 ,9079774.387
20240429131828 ,9079564.472
20240429131829 ,9079366.705
20240429131830 ,9079164.442
20240429131831 ,9078955.545
20240429131832 ,9078755.854
20240429131833 ,9078546.636
20240429131834 ,9078347.168
20240429131835 ,9078137.82
20240429131836 ,9077938.444
20240429131837 ,9077740.384
20240429131838 ,9077530.534
20240429131839 ,9077329.557
20240429131840 ,9077121.891
20240429131841 ,9076920.353
20240429131842 ,9076713.137
20240429131843 ,9076513.425
20240429131844 ,9076314.307
20240429131845 ,9076104.736
20240429131846 ,9075904.937
20240429131847 ,9075695.047
20240429131848 ,9075496.026
20240429131849 ,9075286.081
20240429131850 ,9075086.222
20240429131851 ,9074887.115
20240429131852 ,9074677.081
20240429131853 ,9074478.231
20240429131854 ,9074267.673
20240429131855 ,9074067.529
20240429131856 ,9073858.374
20240429131857 ,9073658.561
20240429131858 ,9073449.306
20240429131859 ,9073249.512
20240429131900 ,9073050.241
20240429131901 ,9072840.929
20240429131902 ,9072640.538
20240429131903 ,9072430.45
20240429131904 ,9072230.933
20240429131905 ,9072021.246
20240429131906 ,9071821.419
20240429131907 ,9071621.766
20240429131908 ,9071411.523
20240429131909 ,9071211.442
20240429131910 ,9071001.462
20240429131911 ,9070801.869
20240429131912 ,9070592.643
20240429131913 ,9070392.225
20240429131914 ,9070192.087
20240429131915 ,9069982.709
20240429131916 ,9069782.555
20240429131917 ,9069573.074
20240429131918 ,9069372.83
20240429131919 ,9069163.734
20240429131920 ,9068963.748
20240429131921 ,9068763.468
20240429131922 ,9068554.039
20240429131923 ,9068354.723
20240429131924 ,9068144.691
20240429131925 ,9067944.919
20240429131926 ,9067734.606
20240429131927 ,9067534.855
20240429131928 ,9067335.267
20240429131929 ,9067125.545
20240429131930 ,9066925.819
20240429131931 ,9066715.921
20240429131932 ,9066516.165
20240429131933 ,9066305.849
20240429131934 ,9066105.922
20240429131935 ,9065896.265
20240429131936 ,9065696.894
20240429131937 ,9065496.84
20240429131938 ,9065286.811
20240429131939 ,9065087.294
20240429131940 ,9064877.129
20240429131941 ,9064677.067
20240429131942 ,9064467.413
20240429131943 ,9064267.464
20240429131944 ,9064067.6
20240429131945 ,9063858.057
20240429131946 ,9063658.124
20240429131947 ,9063446.859
20240429131948 ,9063247.876
20240429131949 ,9063039.006
20240429131950 ,9062838.664
20240429131951 ,9062639.667
20240429131952 ,9062430.64
20240429131953 ,9062227.718
20240429131954 ,9062019.548
20240429131955 ,9061819.379
20240429131956 ,9061609.72
20240429131957 ,9061410.276
20240429131958 ,9061209.961
20240429131959 ,9060999.873
20240429132000 ,9060799.601
20240429132001 ,9060590.283
20240429132002 ,9060389.646
20240429132003 ,9060179.915
20240429132004 ,9059979.617
20240429132005 ,9059780.949
20240429132006 ,9059570.964
20240429132007 ,9059372.711
20240429132008 ,9059163.428
20240429132009 ,9058962.183
20240429132010 ,9058752.178
20240429132011 ,9058552.474
20240429132012 ,9058352.257
20240429132013 ,9058142.079
20240429132014 ,9057942.038
20240429132015 ,9057731.822
20240429132016 ,9057534.975
20240429132017 ,9057323.541
20240429132018 ,9057123.503
20240429132019 ,9056913.327
20240429132020 ,9056714.705
20240429132021 ,9056514.225
20240429132022 ,9056304.628
20240429132023 ,9056104.785
20240429132024 ,9055894.781
20240429132025 ,9055695.508
20240429132026 ,9055484.722
20240429132027 ,9055285.281
20240429132028 ,9055086.03
20240429132029 ,9054876.169
20240429132030 ,9054675.825
20240429132031 ,9054466.743
20240429132032 ,9054266.965
20240429132033 ,9054057.281
20240429132034 ,9053857.438
20240429132035 ,9053657.916
20240429132036 ,9053446.343
20240429132037 ,9053249.637
20240429132038 ,9053037.934
20240429132039 ,9052838.319
20240429132040 ,9052628.909
20240429132041 ,9052429.153
20240429132042 ,9052229.077
20240429132043 ,9052019.678
20240429132044 ,9051820.009
20240429132045 ,9051609.226
20240429132046 ,9051415.896
20240429132047 ,9051200.781
20240429132048 ,9051001.175
20240429132049 ,9050800.627
20240429132050 ,9050590.774
20240429132051 ,9050390.546
20240429132052 ,9050181.847
20240429132053 ,9049981.662
20240429132054 ,9049772.038
20240429132055 ,9049572.211
20240429132056 ,9049362.305
20240429132057 ,9049162.606
20240429132058 ,9048962.931
20240429132059 ,9048753.228
20240429132100 ,9048553.193
20240429132101 ,9048342.882
20240429132102 ,9048143.62
20240429132103 ,9047933.624
20240429132104 ,9047733.477
20240429132105 ,9047534.448
20240429132106 ,9047324.194
20240429132107 ,9047123.473
20240429132108 ,9046915.256
20240429132109 ,9046714.928
20240429132110 ,9046505.523
20240429132111 ,9046305.477
20240429132112 ,9046105.488
20240429132113 ,9045895.969
20240429132114 ,9045694.567
20240429132115 ,9045489.138
20240429132116 ,9045286.716
20240429132117 ,9045076.991
20240429132118 ,9044877.151
20240429132119 ,9044677.116
20240429132120 ,9044468.324
20240429132121 ,9044267.171
20240429132122 ,9044058.548
20240429132123 ,9043857.842
20240429132124 ,9043648.337
20240429132125 ,9043448.155
20240429132126 ,9043248.497
20240429132127 ,9043039.239
20240429132128 ,9042838.449
20240429132129 ,9042629.023
20240429132130 ,9042428.803
20240429132131 ,9042219.233
20240429132132 ,9042020.245
20240429132133 ,9041818.75
20240429132134 ,9041609.923
20240429132135 ,9041409.022
20240429132136 ,9041200.675
20240429132137 ,9041000.13
20240429132138 ,9040790.598
20240429132139 ,9040591.235
20240429132140 ,9040380.971
20240429132141 ,9040181.215
20240429132142 ,9039981.961
20240429132143 ,9039771.756
20240429132144 ,9039571.962
20240429132145 ,9039362.644
20240429132146 ,9039162.191
20240429132147 ,9038957.837
20240429132148 ,9038752.219
20240429132149 ,9038553.657
20240429132150 ,9038342.543
20240429132151 ,9038142.136
20240429132152 ,9037933.529
20240429132153 ,9037733.605
20240429132154 ,9037534.258
20240429132155 ,9037323.768
20240429132156 ,9037124.563
20240429132157 ,9036914.64
20240429132158 ,9036713.129
20240429132159 ,9036514.673
20240429132200 ,9036305.461
20240429132201 ,9036106.028
20240429132202 ,9035895.397
20240429132203 ,9035695.692
20240429132204 ,9035487.193
20240429132205 ,9035286.673
20240429132206 ,9035085.954
20240429132207 ,9034876.305
20240429132208 ,9034677.303
20240429132209 ,9034466.897
20240429132210 ,9034266.591
20240429132211 ,9034067.049
20240429132212 ,9033857.058
20240429132213 ,9033657.56
20240429132214 ,9033447.624
20240429132215 ,9033247.797
20240429132216 ,9033037.736
20240429132217 ,9032837.543
20240429132218 ,9032639.315
20240429132219 ,9032427.517
20240429132220 ,9032228.328
20240429132221 ,9032018.487
20240429132222 ,9031818.772
20240429132223 ,9031619.699
20240429132224 ,9031408.982
20240429132225 ,9031209.57
20240429132226 ,9030998.809
20240429132227 ,9030799.672
20240429132228 ,9030599.62
20240429132229 ,9030389.678
20240429132230 ,9030190.264
20240429132231 ,9029981.093
20240429132232 ,9029780.016
20240429132233 ,9029569.982
20240429132234 ,9029370.725
20240429132235 ,9029170.524
20240429132236 ,9028960.414
20240429132237 ,9028760.994
20240429132238 ,9028550.312
20240429132239 ,9028351.999
20240429132240 ,9028150.616
20240429132241 ,9027940.199
20240429132242 ,9027741.333
20240429132243 ,9027533.409
20240429132244 ,9027331.63
20240429132245 ,9027134.258
20240429132246 ,9026922.195
20240429132247 ,9026722.404
20240429132248 ,9026511.985
20240429132249 ,9026313.26
20240429132250 ,9026102.534
20240429132251 ,9025902.903
20240429132252 ,9025702.523
20240429132253 ,9025493.609
20240429132254 ,9025293.175
20240429132255 ,9025083.431
20240429132256 ,9024884.535
20240429132257 ,9024684.193
20240429132258 ,9024473.619
20240429132259 ,9024274.612
20240429132300 ,9024065.025
20240429132301 ,9023865.956
20240429132302 ,9023656.323
20240429132303 ,9023456.806
20240429132304 ,9023256.928
20240429132305 ,9023046.929
20240429132306 ,9022846.164
20240429132307 ,9022642.811
20240429132308 ,9022441.919
20240429132309 ,9022245.022
20240429132310 ,9022039.925
20240429132311 ,9021847.971
20240429132312 ,9021648.296
20240429132313 ,9021453.136
20240429132314 ,9021258.816
20240429132315 ,9021052.938
20240429132316 ,9020854.4
20240429132317 ,9020643.549
20240429132318 ,9020441.349
20240429132319 ,9020226.397
20240429132320 ,9020022.911
20240429132321 ,9019816.919
20240429132322 ,9019601.535
20240429132323 ,9019397.152
20240429132324 ,9019183.149
20240429132325 ,9018980.466
20240429132326 ,9018778.277
20240429132327 ,9018567.537
20240429132328 ,9018366.159
20240429132329 ,9018155.463
20240429132330 ,9017955.995
20240429132331 ,9017755.954
20240429132332 ,9017547.683
20240429132333 ,9017350.591
20240429132334 ,9017144.298
20240429132335 ,9016949.075
20240429132336 ,9016745.085
20240429132337 ,9016553.554
20240429132338 ,9016360.368
20240429132339 ,9016156.014
20240429132340 ,9015960.216
20240429132341 ,9015752.615
20240429132342 ,9015553.052
20240429132343 ,9015350.966
20240429132344 ,9015137.617
20240429132345 ,9014933.765
20240429132346 ,9014718.962
20240429132347 ,9014514.659
20240429132348 ,9014300.404
20240429132349 ,9014095.155
20240429132350 ,9013894.113
20240429132351 ,9013681.006
20240429132352 ,9013481.179
20240429132353 ,9013270.597
20240429132354 ,9013173.429
20240429132355 ,9013011.727
20240429132356 ,9012779.357
20240429132357 ,9012568.728
20240429132358 ,9012357.479
20240429132359 ,9012156.651
20240429132400 ,9012012.128
20240429132401 ,9011644.065
20240429132402 ,9011444.474
20240429132403 ,9011233.982
20240429132404 ,9011033.04
20240429132405 ,9010822.499
20240429132406 ,9010621.495
20240429132407 ,9010422.097
20240429132408 ,9010212.023
20240429132409 ,9010010.783
20240429132410 ,9009800.703
20240429132411 ,9009601.299
20240429132412 ,9009400.673
20240429132413 ,9009190.356
20240429132414 ,9008990.351
20240429132415 ,9008779.924
20240429132416 ,9008579.392
20240429132417 ,9008379.541
20240429132418 ,9008169.727
20240429132419 ,9007967.269
20240429132420 ,9007759.866
20240429132421 ,9007558.146
20240429132422 ,9007349.43
20240429132423 ,9007148.733
20240429132424 ,9006948.847
20240429132425 ,9006738.821
20240429132426 ,9006541.786
20240429132427 ,9006328.497
20240429132428 ,9006127.512
20240429132429 ,9005927.547
20240429132430 ,9005717.369
20240429132431 ,9005516.279
20240429132432 ,9005306.158
20240429132433 ,9005105.919
20240429132434 ,9004895.841
20240429132435 ,9004695.546
20240429132436 ,9004496.121
20240429132437 ,9004287.576
20240429132438 ,9004089.402
20240429132439 ,9003877.938
20240429132440 ,9003677.987
20240429132441 ,9003477.607
20240429132442 ,9003269.162
20240429132443 ,9003070.226
20240429132444 ,9002859.956
20240429132445 ,9002660.799
20240429132446 ,9002461.895
20240429132447 ,9002252.471
20240429132448 ,9002051.904
20240429132449 ,9001840.98
20240429132450 ,9001642.665
20240429132451 ,9001430.873
20240429132452 ,9001231.443
20240429132453 ,9001031.242
20240429132454 ,9000821.219
20240429132455 ,9000620.874
20240429132456 ,9000410.46
20240429132457 ,9000209.985
20240429132458 ,9000010.289
20240429132459 ,8999802.447
20240429132500 ,8999605.754
20240429132501 ,8999400.458
20240429132502 ,8999206.632
20240429132503 ,8999004.091
20240429132504 ,8998812.155
20240429132505 ,8998618.216
20240429132506 ,8998413.932
20240429132507 ,8998217.516
20240429132508 ,8998009.283
20240429132509 ,8997807.495
20240429132510 ,8997608.398
20240429132511 ,8997395.372
20240429132512 ,8997192.502
20240429132513 ,8996980.268
20240429132514 ,8996775.182
20240429132515 ,8996569.39
20240429132516 ,8996357.425
20240429132517 ,8996155.436
20240429132518 ,8995941.444
20240429132519 ,8995739.714
20240429132520 ,8995528.51
20240429132521 ,8995327.737
20240429132522 ,8995127.081
20240429132523 ,8994917.16
20240429132524 ,8994717.141
20240429132525 ,8994507.319
20240429132526 ,8994307.468
20240429132527 ,8994107.878
20240429132528 ,8993898.619
20240429132529 ,8993695.001
20240429132530 ,8993486.667
20240429132531 ,8993288.902
20240429132532 ,8993089.25
20240429132533 ,8992875.193
20240429132534 ,8992674.455
20240429132535 ,8992463.954
20240429132536 ,8992262.321
20240429132537 ,8992051.728
20240429132538 ,8991850.936
20240429132539 ,8991650.581
20240429132540 ,8991438.59
20240429132541 ,8991238.908
20240429132542 ,8991028.375
20240429132543 ,8990828.122
20240429132544 ,8990627.376
20240429132545 ,8990416.037
20240429132546 ,8990218.066
20240429132547 ,8990005.653
20240429132548 ,8989808.135
20240429132549 ,8989598.47
20240429132550 ,8989398.394
20240429132551 ,8989198.988
20240429132552 ,8988989.309
20240429132553 ,8988791.61
20240429132554 ,8988584.923
20240429132555 ,8988389.621
20240429132556 ,8988194.729
20240429132557 ,8987989.157
20240429132558 ,8987791.835
20240429132559 ,8987583.898
20240429132600 ,8987384.505
20240429132601 ,8987183.32
20240429132602 ,8986971.927
20240429132603 ,8986768.883
20240429132604 ,8986557.091
20240429132605 ,8986357.644
20240429132606 ,8986143.15
20240429132607 ,8985940.79
20240429132608 ,8985740.403
20240429132609 ,8985528.613
20240429132610 ,8985329.161
20240429132611 ,8985118.167
20240429132612 ,8984916.233
20240429132613 ,8984717.768
20240429132614 ,8984507.948
20240429132615 ,8984307.411
20240429132616 ,8984097.903
20240429132617 ,8983899.067
20240429132618 ,8983702.013
20240429132619 ,8983495.839
20240429132620 ,8983301.997
20240429132621 ,8983096.973
20240429132622 ,8982902.233
20240429132623 ,8982697.659
20240429132624 ,8982505.01
20240429132625 ,8982306.985
20240429132626 ,8982099.392
20240429132627 ,8981903.532
20240429132628 ,8981694.971
20240429132629 ,8981497.529
20240429132630 ,8981297.314
20240429132631 ,8981085.433
20240429132632 ,8980882.251
20240429132633 ,8980668.625
20240429132634 ,8980463.637
20240429132635 ,8980247.021
20240429132636 ,8980044.626
20240429132637 ,8979840.622
20240429132638 ,8979627.154
20240429132639 ,8979424.061
20240429132640 ,8979211.719
20240429132641 ,8979010.536
20240429132642 ,8978809.752
20240429132643 ,8978597.895
20240429132644 ,8978398.709
20240429132645 ,8978188.664
20240429132646 ,8977988.254
20240429132647 ,8977788.401
20240429132648 ,8977577.943
20240429132649 ,8977377.911
20240429132650 ,8977168.05
20240429132651 ,8976969.01
20240429132652 ,8976769.274
20240429132653 ,8976558.398
20240429132654 ,8976358.55
20240429132655 ,8976148.074
20240429132656 ,8975947.336
20240429132657 ,8975746.984
20240429132658 ,8975535.403
20240429132659 ,8975334.022
20240429132700 ,8975122.865
20240429132701 ,8974925.008
20240429132702 ,8974722.654
20240429132703 ,8974512.603
20240429132704 ,8974311.551
20240429132705 ,8974110.818
20240429132706 ,8973902.965
20240429132707 ,8973702.303
20240429132708 ,8973493.764
20240429132709 ,8973296.541
20240429132710 ,8973099.832
20240429132711 ,8972892.014
20240429132712 ,8972692.638
20240429132713 ,8972487.942
20240429132714 ,8972290.712
20240429132715 ,8972093.557
20240429132716 ,8971889.049
20240429132717 ,8971692.198
20240429132718 ,8971483.789
20240429132719 ,8971283.77
20240429132720 ,8971083.895
20240429132721 ,8970868.506
20240429132722 ,8970666.943
20240429132723 ,8970451.552
20240429132724 ,8970248.193
20240429132725 ,8970045.052
20240429132726 ,8969832.511
20240429132727 ,8969631.223
20240429132728 ,8969429.932
20240429132729 ,8969220.486
20240429132730 ,8969022.393
20240429132731 ,8968813.84
20240429132732 ,8968616.379
20240429132733 ,8968421.224
20240429132734 ,8968213.493
20240429132735 ,8968018.416
20240429132736 ,8967810.826
20240429132737 ,8967611.895
20240429132738 ,8967412.21
20240429132739 ,8967199.905
20240429132740 ,8966997.93
20240429132741 ,8966783.898
20240429132742 ,8966580.87
20240429132743 ,8966376.761
20240429132744 ,8966163.685
20240429132745 ,8965961.155
20240429132746 ,8965760.531
20240429132747 ,8965551.454
20240429132748 ,8965354.348
20240429132749 ,8965149.87
20240429132750 ,8964956.554
20240429132751 ,8964763.81
20240429132752 ,8964559.825
20240429132753 ,8964364.865
20240429132754 ,8964157.473
20240429132755 ,8963961.184
20240429132756 ,8963763.208
20240429132757 ,8963553.111
20240429132758 ,8963353.429
20240429132759 ,8963147.371
20240429132800 ,8962946.482
20240429132801 ,8962745.18
20240429132802 ,8962533.176
20240429132803 ,8962330.257
20240429132804 ,8962116.998
20240429132805 ,8961914.798
20240429132806 ,8961710.788
20240429132807 ,8961496.072
20240429132808 ,8961291.574
20240429132809 ,8961088.075
20240429132810 ,8960874.824
20240429132811 ,8960671.834
20240429132812 ,8960460.373
20240429132813 ,8960256.939
20240429132814 ,8960060.097
20240429132815 ,8959846.601
20240429132816 ,8959647.716
20240429132817 ,8959439.326
20240429132818 ,8959240.888
20240429132819 ,8959044.887
20240429132820 ,8958833.105
20240429132821 ,8958637.926
20240429132822 ,8958430.306
20240429132823 ,8958230.792
20240429132824 ,8958031.82
20240429132825 ,8957821.916
20240429132826 ,8957622.849
20240429132827 ,8957410.531
20240429132828 ,8957213.344
20240429132829 ,8957016.184
20240429132830 ,8956807.335
20240429132831 ,8956608.99
20240429132832 ,8956413.775
20240429132833 ,8956204.476
20240429132834 ,8956002.973
20240429132835 ,8955788.566
20240429132836 ,8955582.039
20240429132837 ,8955374.986
20240429132838 ,8955157.465
20240429132839 ,8954951.785
20240429132840 ,8954738.165
20240429132841 ,8954537.307
20240429132842 ,8954334.73
20240429132843 ,8954124.013
20240429132844 ,8953923.655
20240429132845 ,8953712.107
20240429132846 ,8953508.008
20240429132847 ,8953306.646
20240429132848 ,8953092.467
20240429132849 ,8952889.92
20240429132850 ,8952675.656
20240429132851 ,8952472.7
20240429132852 ,8952269.385
20240429132853 ,8952056.348
20240429132854 ,8951854.161
20240429132855 ,8951651.812
20240429132856 ,8951439.434
20240429132857 ,8951237.335
20240429132858 ,8951027.816
20240429132859 ,8950830.17
20240429132900 ,8950634.511
20240429132901 ,8950427.995
20240429132902 ,8950227.601
20240429132903 ,8950019.396
20240429132904 ,8949816.298
20240429132905 ,8949612.161
20240429132906 ,8949398.728
20240429132907 ,8949195.66
20240429132908 ,8948984.516
20240429132909 ,8948786.217
20240429132910 ,8948589.808
20240429132911 ,8948386.844
20240429132912 ,8948193.378
20240429132913 ,8947995.573
20240429132914 ,8947787.467
20240429132915 ,8947588.604
20240429132916 ,8947370.806
20240429132917 ,8947166.01
20240429132918 ,8946957.498
20240429132919 ,8946740.655
20240429132920 ,8946531.86
20240429132921 ,8946314.781
20240429132922 ,8946109.12
20240429132923 ,8945904.302
20240429132924 ,8945689.941
20240429132925 ,8945486.027
20240429132926 ,8945273.443
20240429132927 ,8945069.702
20240429132928 ,8944865.698
20240429132929 ,8944652.846
20240429132930 ,8944450.087
20240429132931 ,8944240.473
20240429132932 ,8944040.856
20240429132933 ,8943845.803
20240429132934 ,8943639.722
20240429132935 ,8943448.147
20240429132936 ,8943257.438
20240429132937 ,8943058.55
20240429132938 ,8942868.042
20240429132939 ,8942667.079
20240429132940 ,8942474.167
20240429132941 ,8942280.458
20240429132942 ,8942074.273
20240429132943 ,8941878.483
20240429132944 ,8941670.188
20240429132945 ,8941472.144
20240429132946 ,8941274.089
20240429132947 ,8941066.33
20240429132948 ,8940867.456
20240429132949 ,8940660.636
20240429132950 ,8940461.317
20240429132951 ,8940265.251
20240429132952 ,8940058.344
20240429132953 ,8939860.799
20240429132954 ,8939653.364
20240429132955 ,8939455.588
20240429132956 ,8939258.046
20240429132957 ,8939050.917
20240429132958 ,8938852.55
20240429132959 ,8938655.146
20240429133000 ,8938447.225
20240429133001 ,8938247.496
20240429133002 ,8938041.895
20240429133003 ,8937844.892
20240429133004 ,8937646.585
20240429133005 ,8937441.246
20240429133006 ,8937241.018
20240429133007 ,8937034.736
20240429133008 ,8936836.461
20240429133009 ,8936640.199
20240429133010 ,8936432.332
20240429133011 ,8936234.144
20240429133012 ,8936023.961
20240429133013 ,8935822.035
20240429133014 ,8935617.301
20240429133015 ,8935401.047
20240429133016 ,8935193.075
20240429133017 ,8934983.42
20240429133018 ,8934766.108
20240429133019 ,8934558.13
20240429133020 ,8934342.418
20240429133021 ,8934136.22
20240429133022 ,8933931.383
20240429133023 ,8933717.025
20240429133024 ,8933512.869
20240429133025 ,8933299.495
20240429133026 ,8933096.156
20240429133027 ,8932891.748
20240429133028 ,8932678.673
20240429133029 ,8932474.867
20240429133030 ,8932264.768
20240429133031 ,8932067.996
20240429133032 ,8931875.195
20240429133033 ,8931673.307
20240429133034 ,8931485.387
20240429133035 ,8931286.201
20240429133036 ,8931097.469
20240429133037 ,8930907.053
20240429133038 ,8930705.393
20240429133039 ,8930511.738
20240429133040 ,8930316.366
20240429133041 ,8930109.899
20240429133042 ,8929910.395
20240429133043 ,8929702.962
20240429133044 ,8929492.386
20240429133045 ,8929285.772
20240429133046 ,8929067.033
20240429133047 ,8928858.908
20240429133048 ,8928642.516
20240429133049 ,8928431.011
20240429133050 ,8928227.273
20240429133051 ,8928008.586
20240429133052 ,8927804.226
20240429133053 ,8927590.272
20240429133054 ,8927388.626
20240429133055 ,8927187.058
20240429133056 ,8926976.541
20240429133057 ,8926774.68
20240429133058 ,8926564.516
20240429133059 ,8926363.056
20240429133100 ,8926160.349
20240429133101 ,8925949.162
20240429133102 ,8925746.943
20240429133103 ,8925544.789
20240429133104 ,8925331.801
20240429133105 ,8925129.055
20240429133106 ,8924916.086
20240429133107 ,8924713.273
20240429133108 ,8924510.213
20240429133109 ,8924297.968
20240429133110 ,8924095.616
20240429133111 ,8923883.515
20240429133112 ,8923679.945
20240429133113 ,8923476.891
20240429133114 ,8923262.815
20240429133115 ,8923059.098
20240429133116 ,8922844.588
20240429133117 ,8922639.784
20240429133118 ,8922434.714
20240429133119 ,8922219.979
20240429133120 ,8922015.24
20240429133121 ,8921811.328
20240429133122 ,8921597.496
20240429133123 ,8921395.196
20240429133124 ,8921180.287
20240429133125 ,8920978.304
20240429133126 ,8920775.86
20240429133127 ,8920563.531
20240429133128 ,8920361.19
20240429133129 ,8920148.234
20240429133130 ,8919942.898
20240429133131 ,8919743.929
20240429133132 ,8919530.973
20240429133133 ,8919326.967
20240429133134 ,8919115.85
20240429133135 ,8918912.741
20240429133136 ,8918710.975
20240429133137 ,8918498.947
20240429133138 ,8918295.757
20240429133139 ,8918083.548
20240429133140 ,8917881.334
20240429133141 ,8917677.631
20240429133142 ,8917464.57
20240429133143 ,8917261.051
20240429133144 ,8917056.651
20240429133145 ,8916842.877
20240429133146 ,8916639.168
20240429133147 ,8916427.995
20240429133148 ,8916220.668
20240429133149 ,8916017.516
20240429133150 ,8915805.905
20240429133151 ,8915602.455
20240429133152 ,8915400.697
20240429133153 ,8915188.167
20240429133154 ,8914986.51
20240429133155 ,8914772.561
20240429133156 ,8914571.598
20240429133157 ,8914367.76
20240429133158 ,8914156.158
20240429133159 ,8913954.389
20240429133200 ,8913750.475
20240429133201 ,8913538.927
20240429133202 ,8913336.689
20240429133203 ,8913125.401
20240429133204 ,8912922.7
20240429133205 ,8912721.316
20240429133206 ,8912508.822
20240429133207 ,8912306.86
20240429133208 ,8912105.632
20240429133209 ,8911892.76
20240429133210 ,8911693.804
20240429133211 ,8911490.796
20240429133212 ,8911279.725
20240429133213 ,8911077.102
20240429133214 ,8910865.549
20240429133215 ,8910665.259
20240429133216 ,8910462.5
20240429133217 ,8910251.291
20240429133218 ,8910050.005
20240429133219 ,8909847.99
20240429133220 ,8909635.848
20240429133221 ,8909433.255
20240429133222 ,8909220.801
20240429133223 ,8909017.258
20240429133224 ,8908815.988
20240429133225 ,8908603.47
20240429133226 ,8908401.297
20240429133227 ,8908198.562
20240429133228 ,8907986.271
20240429133229 ,8907784.41
20240429133230 ,8907573.014
20240429133231 ,8907371.01
20240429133232 ,8907169.488
20240429133233 ,8906957.888
20240429133234 ,8906755.629
20240429133235 ,8906555.366
20240429133236 ,8906343.414
20240429133237 ,8906142.014
20240429133238 ,8905939.836
20240429133239 ,8905841.162
20240429133240 ,8905528.114
20240429133241 ,8905317.345
20240429133242 ,8905116.135
20240429133243 ,8904915.229
20240429133244 ,8904703.48
20240429133245 ,8904501.096
20240429133246 ,8904299.563
20240429133247 ,8904088.585
20240429133248 ,8903886.732
20240429133249 ,8903676.036
20240429133250 ,8903474.783
20240429133251 ,8903273.663
20240429133252 ,8903062.568
20240429133253 ,8902860.946
20240429133254 ,8902659.611
20240429133255 ,8902448.741
20240429133256 ,8902249.967
20240429133257 ,8902048.901
20240429133258 ,8901837.695
20240429133259 ,8901635.889
20240429133300 ,8901424.938
20240429133301 ,8901223.001
20240429133302 ,8901022.154
20240429133303 ,8900809.158
20240429133304 ,8900607.11
20240429133305 ,8900405.279
20240429133306 ,8900192.706
20240429133307 ,8899988.314
20240429133308 ,8899777.417
20240429133309 ,8899576.698
20240429133310 ,8899374.018
20240429133311 ,8899163.194
20240429133312 ,8898963.563
20240429133313 ,8898760.574
20240429133314 ,8898548.41
20240429133315 ,8898347.106
20240429133316 ,8898133.995
20240429133317 ,8897932.555
20240429133318 ,8897731.489
20240429133319 ,8897519.979
20240429133320 ,8897321.181
20240429133321 ,8897124.479
20240429133322 ,8896921.967
20240429133323 ,8896732.761
20240429133324 ,8896546.316
20240429133325 ,8896349.482
20240429133326 ,8896162.88
20240429133327 ,8895963.262
20240429133328 ,8895772.857
20240429133329 ,8895579.576
20240429133330 ,8895372.371
20240429133331 ,8895176.834
20240429133332 ,8894977.455
20240429133333 ,8894771.94
20240429133334 ,8894568.91
20240429133335 ,8894361.884
20240429133336 ,8894161.171
20240429133337 ,8893965.072
20240429133338 ,8893757.498
20240429133339 ,8893560.056
20240429133340 ,8893361.705
20240429133341 ,8893152.186
20240429133342 ,8892949.81
20240429133343 ,8892735.78
20240429133344 ,8892532.281
20240429133345 ,8892325.369
20240429133346 ,8892106.972
20240429133347 ,8891901.562
20240429133348 ,8891695.348
20240429133349 ,8891480.792
20240429133350 ,8891278.741
20240429133351 ,8891073.844
20240429133352 ,8890860.048
20240429133353 ,8890657.951
20240429133354 ,8890445.342
20240429133355 ,8890244.07
20240429133356 ,8890043.609
20240429133357 ,8889835.067
20240429133358 ,8889639.16
20240429133359 ,8889445.171
20240429133400 ,8889245.028
20240429133401 ,8889055.051
20240429133402 ,8888855.499
20240429133403 ,8888668.495
20240429133404 ,8888478.909
20240429133405 ,8888278.849
20240429133406 ,8888086.244
20240429133407 ,8887891.675
20240429133408 ,8887685.438
20240429133409 ,8887490.75
20240429133410 ,8887287.069
20240429133411 ,8887074.666
20240429133412 ,8886876.223
20240429133413 ,8886666.048
20240429133414 ,8886465.172
20240429133415 ,8886267
20240429133416 ,8886059.332
20240429133417 ,8885862.25
20240429133418 ,8885665.63
20240429133419 ,8885459.79
20240429133420 ,8885265.186
20240429133421 ,8885059.098
20240429133422 ,8884864.616
20240429133423 ,8884670.196
20240429133424 ,8884466.243
20240429133425 ,8884269.973
20240429133426 ,8884073.942
20240429133427 ,8883867.35
20240429133428 ,8883672.767
20240429133429 ,8883460.099
20240429133430 ,8883260.463
20240429133431 ,8883060.862
20240429133432 ,8882852.292
20240429133433 ,8882651.812
20240429133434 ,8882453.399
20240429133435 ,8882244.838
20240429133436 ,8882044.208
20240429133437 ,8881846.191
20240429133438 ,8881641.192
20240429133439 ,8881443.441
20240429133440 ,8881239.665
20240429133441 ,8881037.809
20240429133442 ,8880837.644
20240429133443 ,8880629.514
20240429133444 ,8880431.915
20240429133445 ,8880235.433
20240429133446 ,8880021.422
20240429133447 ,8879821.541
20240429133448 ,8879611.776
20240429133449 ,8879412.226
20240429133450 ,8879211.768
20240429133451 ,8879002.436
20240429133452 ,8878804.066
20240429133453 ,8878604.875
20240429133454 ,8878397.141
20240429133455 ,8878200.754
20240429133456 ,8878002.973
20240429133457 ,8877796.37
20240429133458 ,8877598.969
20240429133459 ,8877391.724
20240429133500 ,8877195.299
20240429133501 ,8876997.54
20240429133502 ,8876790.592
20240429133503 ,8876594.057
20240429133504 ,8876393.666
20240429133505 ,8876188.406
20240429133506 ,8875987.671
20240429133507 ,8875781.925
20240429133508 ,8875580.865
20240429133509 ,8875381.915
20240429133510 ,8875169.067
20240429133511 ,8874967.985
20240429133512 ,8874764.548
20240429133513 ,8874549.764
20240429133514 ,8874345.261
20240429133515 ,8874130.542
20240429133516 ,8873926.847
20240429133517 ,8873724.604
20240429133518 ,8873513.78
20240429133519 ,8873314.147
20240429133520 ,8873117.668
20240429133521 ,8872912.001
20240429133522 ,8872714.062
20240429133523 ,8872517.139
20240429133524 ,8872310.175
20240429133525 ,8872113.108
20240429133526 ,8871904.395
20240429133527 ,8871705.008
20240429133528 ,8871504.422
20240429133529 ,8871293.15
20240429133530 ,8871091.631
20240429133531 ,8870888.68
20240429133532 ,8870677.013
20240429133533 ,8870473.02
20240429133534 ,8870263.124
20240429133535 ,8870062.88
20240429133536 ,8869866.618
20240429133537 ,8869650.903
20240429133538 ,8869451.09
20240429133539 ,8869251.044
20240429133540 ,8869041.336
20240429133541 ,8868841.634
20240429133542 ,8868642.944
20240429133543 ,8868433.499
20240429133544 ,8868234.264
20240429133545 ,8868024.306
20240429133546 ,8867824.883
20240429133547 ,8867624.449
20240429133548 ,8867413.572
20240429133549 ,8867212.828
20240429133550 ,8867012.451
20240429133551 ,8866802.214
20240429133552 ,8866603.242
20240429133553 ,8866391.591
20240429133554 ,8866192.757
20240429133555 ,8865992.008
20240429133556 ,8865782.067
20240429133557 ,8865583.011
20240429133558 ,8865383.054
20240429133559 ,8865173.527
20240429133600 ,8864974.783
20240429133601 ,8864763.173
20240429133602 ,8864566.688
20240429133603 ,8864368.11
20240429133604 ,8864160.43
20240429133605 ,8863963.826
20240429133606 ,8863766.461
20240429133607 ,8863560.11
20240429133608 ,8863363.132
20240429133609 ,8863166.501
20240429133610 ,8862959.443
20240429133611 ,8862761.255
20240429133612 ,8862553.38
20240429133613 ,8862359.09
20240429133614 ,8862159.551
20240429133615 ,8861951.218
20240429133616 ,8861752.498
20240429133617 ,8861554.346
20240429133618 ,8861344.732
20240429133619 ,8861143.091
20240429133620 ,8860930.564
20240429133621 ,8860726.72
20240429133622 ,8860522.154
20240429133623 ,8860307.048
20240429133624 ,8860102.694
20240429133625 ,8859898.47
20240429133626 ,8859686.081
20240429133627 ,8859484.749
20240429133628 ,8859285.257
20240429133629 ,8859076.226
20240429133630 ,8858877.403
20240429133631 ,8858667.508
20240429133632 ,8858466.933
20240429133633 ,8858265.959
20240429133634 ,8858053.54
20240429133635 ,8857851.166
20240429133636 ,8857649.273
20240429133637 ,8857436.941
20240429133638 ,8857236.987
20240429133639 ,8857025.738
20240429133640 ,8856822.081
20240429133641 ,8856622.068
20240429133642 ,8856409.055
20240429133643 ,8856206.459
20240429133644 ,8856003.507
20240429133645 ,8855789.469
20240429133646 ,8855584.237
20240429133647 ,8855379.305
20240429133648 ,8855165.207
20240429133649 ,8854962.961
20240429133650 ,8854752.667
20240429133651 ,8854553.676
20240429133652 ,8854355.916
20240429133653 ,8854149.829
20240429133654 ,8853951.15
20240429133655 ,8853753.589
20240429133656 ,8853545.681
20240429133657 ,8853347.618
20240429133658 ,8853143.514
20240429133659 ,8852930.056
20240429133700 ,8852726.964
20240429133701 ,8852521.943
20240429133702 ,8852308.285
20240429133703 ,8852105.105
20240429133704 ,8851902.65
20240429133705 ,8851688.631
20240429133706 ,8851484.842
20240429133707 ,8851273.869
20240429133708 ,8851070.567
20240429133709 ,8850866.843
20240429133710 ,8850656.711
20240429133711 ,8850453.697
20240429133712 ,8850253.559
20240429133713 ,8850044.458
20240429133714 ,8849844.162
20240429133715 ,8849643.975
20240429133716 ,8849434.12
20240429133717 ,8849233.442
20240429133718 ,8849031.831
20240429133719 ,8848817.871
20240429133720 ,8848613.783
20240429133721 ,8848410.476
20240429133722 ,8848194.531
20240429133723 ,8847993.248
20240429133724 ,8847780.637
20240429133725 ,8847578.03
20240429133726 ,8847375.86
20240429133727 ,8847163.775
20240429133728 ,8846958.77
20240429133729 ,8846759.592
20240429133730 ,8846549.935
20240429133731 ,8846354.023
20240429133732 ,8846158.819
20240429133733 ,8845952.686
20240429133734 ,8845753.855
20240429133735 ,8845552.447
20240429133736 ,8845338.509
20240429133737 ,8845132.161
20240429133738 ,8844924.769
20240429133739 ,8844706.79
20240429133740 ,8844499.403
20240429133741 ,8844282.794
20240429133742 ,8844077.045
20240429133743 ,8843873.649
20240429133744 ,8843662.221
20240429133745 ,8843465.712
20240429133746 ,8843271.086
20240429133747 ,8843066.292
20240429133748 ,8842873.245
20240429133749 ,8842679.723
20240429133750 ,8842476.988
20240429133751 ,8842282.539
20240429133752 ,8842088.04
20240429133753 ,8841880.36
20240429133754 ,8841681.779
20240429133755 ,8841482.438
20240429133756 ,8841271.547
20240429133757 ,8841067.578
20240429133758 ,8840858.228
20240429133759 ,8840638.317
20240429133800 ,8840427.203
20240429133801 ,8840209.795
20240429133802 ,8840002.55
20240429133803 ,8839796.889
20240429133804 ,8839584.852
20240429133805 ,8839385.509
20240429133806 ,8839190.975
20240429133807 ,8838992.109
20240429133808 ,8838805.946
20240429133809 ,8838620.923
20240429133810 ,8838426.356
20240429133811 ,8838239.106
20240429133812 ,8838049.995
20240429133813 ,8837847.526
20240429133814 ,8837652.208
20240429133815 ,8837453.828
20240429133816 ,8837243.335
20240429133817 ,8837041.71
20240429133818 ,8836829.354
20240429133819 ,8836624.645
20240429133820 ,8836421.107
20240429133821 ,8836207.661
20240429133822 ,8836005.328
20240429133823 ,8835802.653
20240429133824 ,8835591.203
20240429133825 ,8835391.561
20240429133826 ,8835190.986
20240429133827 ,8834980.257
20240429133828 ,8834774.916
20240429133829 ,8834568.528
20240429133830 ,8834353.366
20240429133831 ,8834145.803
20240429133832 ,8833939.396
20240429133833 ,8833720.844
20240429133834 ,8833513.558
20240429133835 ,8833297.087
20240429133836 ,8833092.079
20240429133837 ,8832887.08
20240429133838 ,8832671.278
20240429133839 ,8832467.706
20240429133840 ,8832264.288
20240429133841 ,8832051.099
20240429133842 ,8831847.697
20240429133843 ,8831645.104
20240429133844 ,8831431.513
20240429133845 ,8831229.357
20240429133846 ,8831031.052
20240429133847 ,8830812.674
20240429133848 ,8830609.283
20240429133849 ,8830403.231
20240429133850 ,8830193.514
20240429133851 ,8829989.61
20240429133852 ,8829786.184
20240429133853 ,8829573.758
20240429133854 ,8829369.862
20240429133855 ,8829157.129
20240429133856 ,8828955.29
20240429133857 ,8828753.841
20240429133858 ,8828543.316
20240429133859 ,8828343.487
20240429133900 ,8828144.434
20240429133901 ,8827936.797
20240429133902 ,8827737.983
20240429133903 ,8827539.724
20240429133904 ,8827331.31
20240429133905 ,8827131.651
20240429133906 ,8826937.199
20240429133907 ,8826723.362
20240429133908 ,8826520.182
20240429133909 ,8826316.816
20240429133910 ,8826106.239
20240429133911 ,8825904.175
20240429133912 ,8825694.746
20240429133913 ,8825494.13
20240429133914 ,8825295.399
20240429133915 ,8825086.382
20240429133916 ,8824889.29
20240429133917 ,8824691.526
20240429133918 ,8824483.784
20240429133919 ,8824286.778
20240429133920 ,8824089.171
20240429133921 ,8823880.268
20240429133922 ,8823682.305
20240429133923 ,8823483.455
20240429133924 ,8823274.786
20240429133925 ,8823075.665
20240429133926 ,8822874.216
20240429133927 ,8822663.94
20240429133928 ,8822461.873
20240429133929 ,8822251.074
20240429133930 ,8822050.092
20240429133931 ,8821849.083
20240429133932 ,8821636.778
20240429133933 ,8821433.347
20240429133934 ,8821234.256
20240429133935 ,8821023.348
20240429133936 ,8820820.47
20240429133937 ,8820618.283
20240429133938 ,8820405.819
20240429133939 ,8820203.38
20240429133940 ,8820000.635
20240429133941 ,8819788.36
20240429133942 ,8819585.403
20240429133943 ,8819383.219
20240429133944 ,8819171.083
20240429133945 ,8818970.985
20240429133946 ,8818759.861
20240429133947 ,8818560.023
20240429133948 ,8818361.304
20240429133949 ,8818155.203
20240429133950 ,8817958.474
20240429133951 ,8817761.391
20240429133952 ,8817555.2
20240429133953 ,8817357.015
20240429133954 ,8817160.661
20240429133955 ,8816953.643
20240429133956 ,8816755.602
20240429133957 ,8816559.139
20240429133958 ,8816350.274
20240429133959 ,8816152.035
20240429134000 ,8815953.109
20240429134001 ,8815742.204
20240429134002 ,8815540.424
20240429134003 ,8815337.329
20240429134004 ,8815123.617
20240429134005 ,8814918.989
20240429134006 ,8814704.782
20240429134007 ,8814499.653
20240429134008 ,8814295.787
20240429134009 ,8814082.435
20240429134010 ,8813879.674
20240429134011 ,8813676.785
20240429134012 ,8813465.099
20240429134013 ,8813264.48
20240429134014 ,8813063.116
20240429134015 ,8812851.961
20240429134016 ,8812650.179
20240429134017 ,8812449.042
20240429134018 ,8812237.839
20240429134019 ,8812036.559
20240429134020 ,8811835.756
20240429134021 ,8811624.053
20240429134022 ,8811422.751
20240429134023 ,8811211.266
20240429134024 ,8811009.066
20240429134025 ,8810808.013
20240429134026 ,8810596.457
20240429134027 ,8810394.423
20240429134028 ,8810194.116
20240429134029 ,8809981.057
20240429134030 ,8809780.26
20240429134031 ,8809578.32
20240429134032 ,8809367.103
20240429134033 ,8809165.061
20240429134034 ,8808962.031
20240429134035 ,8808751.755
20240429134036 ,8808548.231
20240429134037 ,8808348.722
20240429134038 ,8808136.713
20240429134039 ,8807932.606
20240429134040 ,8807724.642
20240429134041 ,8807522.949
20240429134042 ,8807321.17
20240429134043 ,8807109.299
20240429134044 ,8806907.677
20240429134045 ,8806705.965
20240429134046 ,8806494.501
20240429134047 ,8806292.79
20240429134048 ,8806091.965
20240429134049 ,8805880.789
20240429134050 ,8805679.199
20240429134051 ,8805477.572
20240429134052 ,8805266.054
20240429134053 ,8805064.635
20240429134054 ,8804863.696
20240429134055 ,8804651.587
20240429134056 ,8804452.436
20240429134057 ,8804249.75
20240429134058 ,8804038.978
20240429134059 ,8803838.04
20240429134100 ,8803626.47
20240429134101 ,8803425.589
20240429134102 ,8803223.315
20240429134103 ,8803013.026
20240429134104 ,8802811.396
20240429134105 ,8802609.755
20240429134106 ,8802398.888
20240429134107 ,8802197.689
20240429134108 ,8801996.335
20240429134109 ,8801784.937
20240429134110 ,8801584.218
20240429134111 ,8801382.975
20240429134112 ,8801171.395
20240429134113 ,8800970.505
20240429134114 ,8800769.019
20240429134115 ,8800557.935
20240429134116 ,8800357.08
20240429134117 ,8800146.322
20240429134118 ,8799944.83
20240429134119 ,8799743.612
20240429134120 ,8799532.69
20240429134121 ,8799331.421
20240429134122 ,8799130.58
20240429134123 ,8798920.171
20240429134124 ,8798718.411
20240429134125 ,8798516.721
20240429134126 ,8798306.264
20240429134127 ,8798105.783
20240429134128 ,8797903.646
20240429134129 ,8797690.856
20240429134130 ,8797491.65
20240429134131 ,8797291.488
20240429134132 ,8797079.221
20240429134133 ,8796878.494
20240429134134 ,8796667.73
20240429134135 ,8796467.011
20240429134136 ,8796265.4
20240429134137 ,8796054.229
20240429134138 ,8795853.334
20240429134139 ,8795652.699
20240429134140 ,8795441.973
20240429134141 ,8795240.031
20240429134142 ,8795040.481
20240429134143 ,8794825.388
20240429134144 ,8794629.595
20240429134145 ,8794426.457
20240429134146 ,8794212.92
20240429134147 ,8794015.308
20240429134148 ,8793814.838
20240429134149 ,8793601.655
20240429134150 ,8793402.572
20240429134151 ,8793201.215
20240429134152 ,8792988.911
20240429134153 ,8792789.545
20240429134154 ,8792588.118
20240429134155 ,8792377.669
20240429134156 ,8792176.584
20240429134157 ,8791975.301
20240429134158 ,8791764.038
20240429134159 ,8791564.03
20240429134200 ,8791362.901
20240429134201 ,8791151.698
20240429134202 ,8790950.372
20240429134203 ,8790749.674
20240429134204 ,8790537.722
20240429134205 ,8790337.682
20240429134206 ,8790136.149
20240429134207 ,8789925.941
20240429134208 ,8789724.528
20240429134209 ,8789523.161
20240429134210 ,8789311.589
20240429134211 ,8789112.725
20240429134212 ,8788911.174
20240429134213 ,8788700.51
20240429134214 ,8788499.843
20240429134215 ,8788298.299
20240429134216 ,8788087.416
20240429134217 ,8787886.415
20240429134218 ,8787685.292
20240429134219 ,8787474.631
20240429134220 ,8787273.345
20240429134221 ,8787071.688
20240429134222 ,8786861.423
20240429134223 ,8786660.642
20240429134224 ,8786459.573
20240429134225 ,8786248.603
20240429134226 ,8786049.11
20240429134227 ,8785846.563
20240429134228 ,8785635.674
20240429134229 ,8785434.785
20240429134230 ,8785234.313
20240429134231 ,8785023.649
20240429134232 ,8784823.622
20240429134233 ,8784621.376
20240429134234 ,8784410.772
20240429134235 ,8784209.646
20240429134236 ,8784008.274
20240429134237 ,8783797.518
20240429134238 ,8783596.501
20240429134239 ,8783395.413
20240429134240 ,8783184.359
20240429134241 ,8782983.713
20240429134242 ,8782783.143
20240429134243 ,8782571.845
20240429134244 ,8782370.795
20240429134245 ,8782170.421
20240429134246 ,8781959.977
20240429134247 ,8781758.314
20240429134248 ,8781556.646
20240429134249 ,8781346.642
20240429134250 ,8781145.435
20240429134251 ,8780944.436
20240429134252 ,8780734.999
20240429134253 ,8780536.42
20240429134254 ,8780341.669
20240429134255 ,8780136.26
20240429134256 ,8779941.404
20240429134257 ,8779747.637
20240429134258 ,8779544.2
20240429134259 ,8779350.93
20240429134300 ,8779156.646
20240429134301 ,8778951.378
20240429134302 ,8778756.502
20240429134303 ,8778557.951
20240429134304 ,8778355.504
20240429134305 ,8778154.655
20240429134306 ,8777956.375
20240429134307 ,8777747.512
20240429134308 ,8777551.12
20240429134309 ,8777353.76
20240429134310 ,8777145.668
20240429134311 ,8776946.927
20240429134312 ,8776749.072
20240429134313 ,8776541.314
20240429134314 ,8776344.097
20240429134315 ,8776147.133
20240429134316 ,8775939.033
20240429134317 ,8775741.938
20240429134318 ,8775544.358
20240429134319 ,8775336.309
20240429134320 ,8775138.873
20240429134321 ,8774939.716
20240429134322 ,8774729.121
20240429134323 ,8774527.794
20240429134324 ,8774324.78
20240429134325 ,8774110.3
20240429134326 ,8773904.036
20240429134327 ,8773698.679
20240429134328 ,8773481.269
20240429134329 ,8773275.632
20240429134330 ,8773069.916
20240429134331 ,8772855.143
20240429134332 ,8772651.671
20240429134333 ,8772450.339
20240429134334 ,8772235.994
20240429134335 ,8772035.278
20240429134336 ,8771833.135
20240429134337 ,8771622.168
20240429134338 ,8771421.129
20240429134339 ,8771219.908
20240429134340 ,8771008.662
20240429134341 ,8770807.823
20240429134342 ,8770608.955
20240429134343 ,8770399.843
20240429134344 ,8770269.851
20240429134345 ,8770072.024
20240429134346 ,8769869.021
20240429134347 ,8769682.457
20240429134348 ,8769488.68
20240429134349 ,8769276.199
20240429134350 ,8769080.13
20240429134351 ,8768873.047
20240429134352 ,8768679.864
20240429134353 ,8768483.263
20240429134354 ,8768278.391
20240429134355 ,8768081.074
20240429134356 ,8767882.78
20240429134357 ,8767674.474
20240429134358 ,8767476.158
20240429134359 ,8767277.577
20240429134400 ,8767070.285
20240429134401 ,8766869.168
20240429134402 ,8766672.279
20240429134403 ,8766461.114
20240429134404 ,8766261.138
20240429134405 ,8766065.639
20240429134406 ,8765860.71
20240429134407 ,8765658.9
20240429134408 ,8765465.473
20240429134409 ,8765256
20240429134410 ,8765043.856
20240429134411 ,8764857.048
20240429134412 ,8764645.657
20240429134413 ,8764436.686
20240429134414 ,8764244.255
20240429134415 ,8764030.173
20240429134416 ,8763827.167
20240429134417 ,8763621.718
20240429134418 ,8763425.795
20240429134419 ,8763209.416
20240429134420 ,8763009.323
20240429134421 ,8762812.644
20240429134422 ,8762608.803
20240429134423 ,8762408.911
20240429134424 ,8762212.362
20240429134425 ,8762007.812
20240429134426 ,8761809.549
20240429134427 ,8761595.814
20240429134428 ,8761401.541
20240429134429 ,8761196.962
20240429134430 ,8760979.978
20240429134431 ,8760771.235
20240429134432 ,8760562.646
20240429134433 ,8760341.659
20240429134434 ,8760130.094
20240429134435 ,8759924.476
20240429134436 ,8759704.088
20240429134437 ,8759498.834
20240429134438 ,8759285.083
20240429134439 ,8759078.564
20240429134440 ,8758868.549
20240429134441 ,8758681.356
20240429134442 ,8758470.527
20240429134443 ,8758268.281
20240429134444 ,8758071.672
20240429134445 ,8757864.364
20240429134446 ,8757670.169
20240429134447 ,8757475.209
20240429134448 ,8757270.378
20240429134449 ,8757078.781
20240429134450 ,8756885.167
20240429134451 ,8756677.184
20240429134452 ,8756480.767
20240429134453 ,8756274.685
20240429134454 ,8756056.784
20240429134455 ,8755845.662
20240429134456 ,8755636.708
20240429134457 ,8755413.137
20240429134458 ,8755202.932
20240429134459 ,8754995.456
20240429134500 ,8754775.163
20240429134501 ,8754571.457
20240429134502 ,8754365.823
20240429134503 ,8754156.763
20240429134504 ,8753960.525
20240429134505 ,8753767.388
20240429134506 ,8753561.062
20240429134507 ,8753366.968
20240429134508 ,8753167.768
20240429134509 ,8752957.913
20240429134510 ,8752755.577
20240429134511 ,8752549.333
20240429134512 ,8752329.015
20240429134513 ,8752124.021
20240429134514 ,8751920.964
20240429134515 ,8751702.284
20240429134516 ,8751485.289
20240429134517 ,8751285.87
20240429134518 ,8751069.336
20240429134519 ,8750871.08
20240429134520 ,8750650.789
20240429134521 ,8750443.113
20240429134522 ,8750239.274
20240429134523 ,8750035.154
20240429134524 ,8749821.121
20240429134525 ,8749617.692
20240429134526 ,8749412.318
20240429134527 ,8749196.848
20240429134528 ,8748993.137
20240429134529 ,8748794.097
20240429134530 ,8748583.851
20240429134531 ,8748380.423
20240429134532 ,8748172.097
20240429134533 ,8747960.954
20240429134534 ,8747754.823
20240429134535 ,8747550.499
20240429134536 ,8747338.11
20240429134537 ,8747124.167
20240429134538 ,8746932.064
20240429134539 ,8746718.5
20240429134540 ,8746515.207
20240429134541 ,8746308.371
20240429134542 ,8746095.945
20240429134543 ,8745892.364
20240429134544 ,8745693.197
20240429134545 ,8745480.463
20240429134546 ,8745279.571
20240429134547 ,8745078.144
20240429134548 ,8744864.735
20240429134549 ,8744661.003
20240429134550 ,8744462.633
20240429134551 ,8744242.66
20240429134552 ,8744048.324
20240429134553 ,8743843.701
20240429134554 ,8743630.157
20240429134555 ,8743431.847
20240429134556 ,8743237.305
20240429134557 ,8743014.575
20240429134558 ,8742815.63
20240429134559 ,8742612.617
20240429134600 ,8742398.964
20240429134601 ,8742193.346
20240429134602 ,8741991.013
20240429134603 ,8741778.795
20240429134604 ,8741576.34
20240429134605 ,8741374.333
20240429134606 ,8741164.692
20240429134607 ,8740961.542
20240429134608 ,8740760.588
20240429134609 ,8740547.491
20240429134610 ,8740346.672
20240429134611 ,8740137.09
20240429134612 ,8739930.621
20240429134613 ,8739728.25
20240429134614 ,8739527.42
20240429134615 ,8739318.647
20240429134616 ,8739124.357
20240429134617 ,8738916.838
20240429134618 ,8738702.941
20240429134619 ,8738500.637
20240429134620 ,8738298.478
20240429134621 ,8738085.281
20240429134622 ,8737883.735
20240429134623 ,8737684.34
20240429134624 ,8737472.426
20240429134625 ,8737269.813
20240429134626 ,8737070.475
20240429134627 ,8736853.158
20240429134628 ,8736655.83
20240429134629 ,8736453.819
20240429134630 ,8736241.759
20240429134631 ,8736039.434
20240429134632 ,8735837.625
20240429134633 ,8735628.027
20240429134634 ,8735424.202
20240429134635 ,8735224.615
20240429134636 ,8735011.618
20240429134637 ,8734811.54
20240429134638 ,8734608.976
20240429134639 ,8734398.747
20240429134640 ,8734196.349
20240429134641 ,8733994.672
20240429134642 ,8733783.127
20240429134643 ,8733591.74
20240429134644 ,8733385.818
20240429134645 ,8733176.834
20240429134646 ,8732974.693
20240429134647 ,8732771.384
20240429134648 ,8732560.91
20240429134649 ,8732365.009
20240429134650 ,8732159.736
20240429134651 ,8731949.902
20240429134652 ,8731748.199
20240429134653 ,8731548.565
20240429134654 ,8731344.781
20240429134655 ,8731137.115
20240429134656 ,8730936.119
20240429134657 ,8730734.627
20240429134658 ,8730516.734
20240429134659 ,8730325.282
20240429134700 ,8730121.864
20240429134701 ,8729911.792
20240429134702 ,8729707.129
20240429134703 ,8729511.768
20240429134704 ,8729305.732
20240429134705 ,8729092.801
20240429134706 ,8728901.4
20240429134707 ,8728689.621
20240429134708 ,8728486.724
20240429134709 ,8728281.944
20240429134710 ,8728084.589
20240429134711 ,8727876.535
20240429134712 ,8727662.812
20240429134713 ,8727463.68
20240429134714 ,8727264.974
20240429134715 ,8727061.103
20240429134716 ,8726861.846
20240429134717 ,8726649.387
20240429134718 ,8726449.631
20240429134719 ,8726246.88
20240429134720 ,8726040.226
20240429134721 ,8725839.374
20240429134722 ,8725637.123
20240429134723 ,8725428.684
